{"cameraMode":{"drawMode":2,"name":"Shaded Wireframe","section":"Shading Mode"},"sceneLighting":true,"audioPlay":false,"sceneViewState":{"m_AlwaysRefresh":false,"showFog":true,"showSkybox":true,"showFlares":true,"showImageEffects":true,"showParticleSystems":true,"showVisualEffectGraphs":true,"m_FxEnabled":true},"in2DMode":false,"pivot":{"x":5.058382987976074,"y":-0.38339030742645266,"z":4.098926067352295},"rotation":{"x":0.49244239926338198,"y":-0.005333084613084793,"z":0.0026878027711063625,"w":0.8705312609672546},"size":5.358153343200684,"orthographic":true}